id,nombre,apellido,email
1,Maren,Wisdish,mwisdish0@nih.gov
2,Deane,Tetlow,dtetlow1@networksolutions.com
3,Storm,Curm,scurm2@ning.com
4,Vittoria,Calabry,vcalabry3@homestead.com
5,Harmonie,Dubbin,hdubbin4@google.nl
6,Elly,Mercy,emercy5@vimeo.com
7,Camey,Rowter,crowter6@ebay.com
8,Gayleen,Harradine,gharradine7@mayoclinic.com
9,Merla,Massy,mmassy8@freewebs.com
10,Britt,Quaintance,bquaintance9@gnu.org
11,Ketti,Wakerley,kwakerleya@reference.com
12,Royce,Wem,rwemb@edublogs.org
13,Rolph,Pennycock,rpennycockc@disqus.com
14,Farah,Lusk,fluskd@addthis.com
15,Dannie,Simoens,dsimoense@xing.com
16,Joshia,Dodman,jdodmanf@phoca.cz
17,Nananne,Jewel,njewelg@biglobe.ne.jp
18,Adrea,Millwall,amillwallh@cbslocal.com
19,Pace,Francom,pfrancomi@angelfire.com
20,Vito,Beers,vbeersj@i2i.jp
21,Bonny,Padgett,bpadgettk@smh.com.au
22,Marlow,Laurenz,mlaurenzl@theguardian.com
23,Luelle,Ruller,lrullerm@lulu.com
24,Joelly,Dominelli,jdominellin@dailymotion.com
25,Standford,Poulter,spoultero@booking.com
26,Harman,Beckingham,hbeckinghamp@homestead.com
27,Mella,Vella,mvellaq@skyrock.com
28,Millisent,Milsom,mmilsomr@alexa.com
29,Lida,Halpeine,lhalpeines@wisc.edu
30,Vivyan,Risbridge,vrisbridget@surveymonkey.com
31,Davide,Bonde,dbondeu@vimeo.com
32,Doralynn,Imlen,dimlenv@ibm.com
33,Johnath,Ritson,jritsonw@4shared.com
34,Stella,Ortzen,sortzenx@phoca.cz
35,Aundrea,Chittem,achittemy@delicious.com
36,Rudyard,Dimbleby,rdimblebyz@patch.com
37,Karel,Cockett,kcockett10@youku.com
38,Robert,Archibould,rarchibould11@newsvine.com
39,Gail,Bischof,gbischof12@odnoklassniki.ru
40,Beatrisa,Craythorne,bcraythorne13@marriott.com
41,Viviana,Jeffcock,vjeffcock14@disqus.com
42,Lishe,Serris,lserris15@phoca.cz
43,Rube,Fritter,rfritter16@addthis.com
44,Byrom,McGrotty,bmcgrotty17@hhs.gov
45,Alvy,Francombe,afrancombe18@jalbum.net
46,Mallory,Derr,mderr19@bbc.co.uk
47,Deeann,Clymer,dclymer1a@unesco.org
48,Twyla,Philipot,tphilipot1b@omniture.com
49,Morganne,Elliker,melliker1c@networksolutions.com
50,Roxanna,Dumbrell,rdumbrell1d@ebay.co.uk
51,Mal,Streak,mstreak1e@webmd.com
52,Serge,Evered,severed1f@scientificamerican.com
53,Larisa,Mc Gaughey,lmcgaughey1g@ycombinator.com
54,Jorey,Mochan,jmochan1h@loc.gov
55,Allan,Parmeter,aparmeter1i@wiley.com
56,Ulrica,Howerd,uhowerd1j@weibo.com
57,Caril,Ogglebie,cogglebie1k@washingtonpost.com
58,Hannah,O'Rowane,horowane1l@devhub.com
59,Lionel,Isaaksohn,lisaaksohn1m@yellowbook.com
60,Rhoda,Proger,rproger1n@xrea.com
61,Eadmund,O'Cahill,eocahill1o@angelfire.com
62,Melicent,Schiersch,mschiersch1p@yolasite.com
63,Dacia,Senechault,dsenechault1q@miibeian.gov.cn
64,Arvy,Cartmale,acartmale1r@sphinn.com
65,Myrvyn,Andreotti,mandreotti1s@hexun.com
66,Ealasaid,Rough,erough1t@desdev.cn
67,Tabby,Palfree,tpalfree1u@biglobe.ne.jp
68,Coriss,Toleman,ctoleman1v@bravesites.com
69,Krishnah,Easlea,keaslea1w@elpais.com
70,Ophelia,Mattek,omattek1x@last.fm
71,Iolande,Sherbourne,isherbourne1y@over-blog.com
72,Denney,Guild,dguild1z@google.pl
73,Bridget,Ecclesall,becclesall20@omniture.com
74,Maurizia,Kingerby,mkingerby21@dailymotion.com
75,Tabbatha,Matuskiewicz,tmatuskiewicz22@networksolutions.com
76,Abdel,Kalinsky,akalinsky23@goo.ne.jp
77,Bertie,Oherlihy,boherlihy24@geocities.jp
78,Catarina,Norwood,cnorwood25@wired.com
79,Karel,Colebourn,kcolebourn26@scribd.com
80,Deane,Traise,dtraise27@i2i.jp
81,Sanford,MacGahy,smacgahy28@gravatar.com
82,Mariam,Ferre,mferre29@nasa.gov
83,Gino,Trenoweth,gtrenoweth2a@biglobe.ne.jp
84,Remus,MacAlpine,rmacalpine2b@purevolume.com
85,Karalynn,Plews,kplews2c@google.com
86,Nani,Balsellie,nbalsellie2d@surveymonkey.com
87,Mayne,Parcells,mparcells2e@boston.com
88,Virge,Nolan,vnolan2f@economist.com
89,Alfredo,Fellnee,afellnee2g@nasa.gov
90,Oran,Klimentyev,oklimentyev2h@cyberchimps.com
91,Thayne,Josefovic,tjosefovic2i@ebay.com
92,Maryrose,Sharpin,msharpin2j@studiopress.com
93,Saw,Pinnick,spinnick2k@home.pl
94,Eadmund,Rappoport,erappoport2l@europa.eu
95,Petronia,Emma,pemma2m@china.com.cn
96,Bertram,Hesse,bhesse2n@newsvine.com
97,Georg,Hampstead,ghampstead2o@va.gov
98,Rip,Blacker,rblacker2p@free.fr
99,Petr,Heinert,pheinert2q@latimes.com
100,Kelley,Bolstridge,kbolstridge2r@webs.com